YEAR,DOY,HOUR,MINUTE,SECOND,SPACECRAFT,PLANET_NUMBER,RESPONSE,L_OR_M_MODE,SHORT_OR_LONG,THRESHOLD_CURRENT,SAVE_PLOT,FIT,ITERATIONS,CHANNELS_CUPA,CHANNELS_CUPB,CHANNELS_CUPC,CHANNELS_CUPD,TOTAL_NUMBER_OF_FITTED_CHANNELS,CHI_SQUARE,VARY_V1,VARY_V2,VARY_V3,VARY_DENSITY,VARY_TEMPERATURE,VARY_KAPPA,ANALYTICAL_VPHI,V1,V2,V3,COMMON_TEMPERATURE,COMMON_KAPPA,DELAMERE_COMPOSITION,SPECIES_1,SPECIES_1_A,SPECIES_1_Z,SPECIES_1_N,SPECIES_1_T,SPECIES_1_KAPPA,SPECIES_1_N_UNCERT,SPECIES_1_T_UNCERT,SPECIES_2,SPECIES_2_A,SPECIES_2_Z,SPECIES_2_N,SPECIES_2_T,SPECIES_2_KAPPA,SPECIES_2_N_UNCERT,SPECIES_2_T_UNCERT,SPECIES_3,SPECIES_3_A,SPECIES_3_Z,SPECIES_3_N,SPECIES_3_T,SPECIES_3_KAPPA,SPECIES_3_N_UNCERT,SPECIES_3_T_UNCERT,SPECIES_4,SPECIES_4_A,SPECIES_4_Z,SPECIES_4_N,SPECIES_4_T,SPECIES_4_KAPPA,SPECIES_4_N_UNCERT,SPECIES_4_T_UNCERT,SPECIES_5,SPECIES_5_A,SPECIES_5_Z,SPECIES_5_N,SPECIES_5_T,SPECIES_5_KAPPA,SPECIES_5_N_UNCERT,SPECIES_5_T_UNCERT,SPECIES_6,SPECIES_6_A,SPECIES_6_Z,SPECIES_6_N,SPECIES_6_T,SPECIES_6_KAPPA,SPECIES_6_N_UNCERT,SPECIES_6_T_UNCERT,SPECIES_7,SPECIES_7_A,SPECIES_7_Z,SPECIES_7_N,SPECIES_7_T,SPECIES_7_KAPPA,SPECIES_7_N_UNCERT,SPECIES_7_T_UNCERT,SPECIES_8,SPECIES_8_A,SPECIES_8_Z,SPECIES_8_N,SPECIES_8_T,SPECIES_8_KAPPA,SPECIES_8_N_UNCERT,SPECIES_8_T_UNCERT
1986,28,21,26,54.886,2,7,0,-1,0,0,1,1,25,0,0,0,1028,0,0,0,0,0,1,1,0,0,0,-317.7484394,0,0,0,0,3,1,1,5,10,0,0,0,3,1,1,5,1000,0,0,0,0,0,0,0,0,0,0,0,0,0,0,0,0,0,0,0,0,0,0,0,0,0,0,0,0,0,0,0,0,0,0,0,0,0,0,0,0,0,0,0,0,0,0,0,0,0,0,0
1986,28,21,30,54.886,2,7,0,-1,0,0,1,1,25,0,0,0,1028,0,0,0,0,0,1,1,0,0,0,-317.9653671,0,0,0,0,3,1,1,5,10,0,0,0,3,1,1,5,1000,0,0,0,0,0,0,0,0,0,0,0,0,0,0,0,0,0,0,0,0,0,0,0,0,0,0,0,0,0,0,0,0,0,0,0,0,0,0,0,0,0,0,0,0,0,0,0,0,0,0,0
1986,28,21,32,30.885,2,7,0,-1,0,0,1,1,25,0,0,0,1028,0,0,0,0,0,1,1,0,0,0,-318.0521371,0,0,0,0,3,1,1,5,10,0,0,0,3,1,1,5,1000,0,0,0,0,0,0,0,0,0,0,0,0,0,0,0,0,0,0,0,0,0,0,0,0,0,0,0,0,0,0,0,0,0,0,0,0,0,0,0,0,0,0,0,0,0,0,0,0,0,0,0
1986,28,21,34,6.885,2,7,0,-1,0,0,1,1,25,0,0,0,1028,0,0,0,0,0,1,1,0,0,0,-318.1389079,0,0,0,0,3,1,1,5,10,0,0,0,3,1,1,5,1000,0,0,0,0,0,0,0,0,0,0,0,0,0,0,0,0,0,0,0,0,0,0,0,0,0,0,0,0,0,0,0,0,0,0,0,0,0,0,0,0,0,0,0,0,0,0,0,0,0,0,0
1986,28,21,35,42.885,2,7,0,-1,0,0,1,1,25,0,0,0,1028,0,0,0,0,0,1,1,0,0,0,-318.2256786,0,0,0,0,3,1,1,5,10,0,0,0,3,1,1,5,1000,0,0,0,0,0,0,0,0,0,0,0,0,0,0,0,0,0,0,0,0,0,0,0,0,0,0,0,0,0,0,0,0,0,0,0,0,0,0,0,0,0,0,0,0,0,0,0,0,0,0,0
1986,28,21,37,18.885,2,7,0,-1,0,0,1,1,25,0,0,0,1028,0,0,0,0,0,1,1,0,0,0,-318.3124492,0,0,0,0,3,1,1,5,10,0,0,0,3,1,1,5,1000,0,0,0,0,0,0,0,0,0,0,0,0,0,0,0,0,0,0,0,0,0,0,0,0,0,0,0,0,0,0,0,0,0,0,0,0,0,0,0,0,0,0,0,0,0,0,0,0,0,0,0
1986,28,21,38,54.885,2,7,0,-1,0,0,1,1,25,0,0,0,1028,0,0,0,0,0,1,1,0,0,0,-318.3992197,0,0,0,0,3,1,1,5,10,0,0,0,3,1,1,5,1000,0,0,0,0,0,0,0,0,0,0,0,0,0,0,0,0,0,0,0,0,0,0,0,0,0,0,0,0,0,0,0,0,0,0,0,0,0,0,0,0,0,0,0,0,0,0,0,0,0,0,0
1986,28,21,42,54.885,2,7,0,-1,0,0,1,1,25,0,0,0,1028,0,0,0,0,0,1,1,0,0,0,-318.6161454,0,0,0,0,3,1,1,5,10,0,0,0,3,1,1,5,1000,0,0,0,0,0,0,0,0,0,0,0,0,0,0,0,0,0,0,0,0,0,0,0,0,0,0,0,0,0,0,0,0,0,0,0,0,0,0,0,0,0,0,0,0,0,0,0,0,0,0,0
1986,28,21,44,30.885,2,7,0,-1,0,0,1,1,25,0,0,0,1028,0,0,0,0,0,1,1,0,0,0,-318.7029155,0,0,0,0,3,1,1,5,10,0,0,0,3,1,1,5,1000,0,0,0,0,0,0,0,0,0,0,0,0,0,0,0,0,0,0,0,0,0,0,0,0,0,0,0,0,0,0,0,0,0,0,0,0,0,0,0,0,0,0,0,0,0,0,0,0,0,0,0
1986,28,21,46,6.885,2,7,0,-1,0,0,1,1,25,0,0,0,1028,0,0,0,0,0,1,1,0,0,0,-318.7896855,0,0,0,0,3,1,1,5,10,0,0,0,3,1,1,5,1000,0,0,0,0,0,0,0,0,0,0,0,0,0,0,0,0,0,0,0,0,0,0,0,0,0,0,0,0,0,0,0,0,0,0,0,0,0,0,0,0,0,0,0,0,0,0,0,0,0,0,0
1986,28,21,47,42.884,2,7,0,-1,0,0,1,1,25,0,0,0,1028,0,0,0,0,0,1,1,0,0,0,-318.8764544,0,0,0,0,3,1,1,5,10,0,0,0,3,1,1,5,1000,0,0,0,0,0,0,0,0,0,0,0,0,0,0,0,0,0,0,0,0,0,0,0,0,0,0,0,0,0,0,0,0,0,0,0,0,0,0,0,0,0,0,0,0,0,0,0,0,0,0,0
1986,28,21,49,18.884,2,7,0,-1,0,0,1,1,25,0,0,0,1028,0,0,0,0,0,1,1,0,0,0,-318.9632242,0,0,0,0,3,1,1,5,10,0,0,0,3,1,1,5,1000,0,0,0,0,0,0,0,0,0,0,0,0,0,0,0,0,0,0,0,0,0,0,0,0,0,0,0,0,0,0,0,0,0,0,0,0,0,0,0,0,0,0,0,0,0,0,0,0,0,0,0
1986,28,21,50,54.884,2,7,0,-1,0,0,1,1,25,0,0,0,1028,0,0,0,0,0,1,1,0,0,0,-319.0499939,0,0,0,0,3,1,1,5,10,0,0,0,3,1,1,5,1000,0,0,0,0,0,0,0,0,0,0,0,0,0,0,0,0,0,0,0,0,0,0,0,0,0,0,0,0,0,0,0,0,0,0,0,0,0,0,0,0,0,0,0,0,0,0,0,0,0,0,0
1986,28,21,54,54.884,2,7,0,-1,0,0,1,1,25,0,0,0,1028,0,0,0,0,0,1,1,0,0,0,-319.2669176,0,0,0,0,3,1,1,5,10,0,0,0,3,1,1,5,1000,0,0,0,0,0,0,0,0,0,0,0,0,0,0,0,0,0,0,0,0,0,0,0,0,0,0,0,0,0,0,0,0,0,0,0,0,0,0,0,0,0,0,0,0,0,0,0,0,0,0,0
1986,28,21,56,30.884,2,7,0,-1,0,0,1,1,25,0,0,0,1028,0,0,0,0,0,1,1,0,0,0,-319.3536869,0,0,0,0,3,1,1,5,10,0,0,0,3,1,1,5,1000,0,0,0,0,0,0,0,0,0,0,0,0,0,0,0,0,0,0,0,0,0,0,0,0,0,0,0,0,0,0,0,0,0,0,0,0,0,0,0,0,0,0,0,0,0,0,0,0,0,0,0
1986,28,21,58,6.884,2,7,0,-1,0,0,1,1,25,0,0,0,1028,0,0,0,0,0,1,1,0,0,0,-319.4404561,0,0,0,0,3,1,1,5,10,0,0,0,3,1,1,5,1000,0,0,0,0,0,0,0,0,0,0,0,0,0,0,0,0,0,0,0,0,0,0,0,0,0,0,0,0,0,0,0,0,0,0,0,0,0,0,0,0,0,0,0,0,0,0,0,0,0,0,0
1986,28,21,59,42.884,2,7,0,-1,0,0,1,1,25,0,0,0,1028,0,0,0,0,0,1,1,0,0,0,-319.5272252,0,0,0,0,3,1,1,5,10,0,0,0,3,1,1,5,1000,0,0,0,0,0,0,0,0,0,0,0,0,0,0,0,0,0,0,0,0,0,0,0,0,0,0,0,0,0,0,0,0,0,0,0,0,0,0,0,0,0,0,0,0,0,0,0,0,0,0,0
1986,28,22,2,54.883,2,7,0,-1,0,0,1,1,25,0,0,0,1028,0,0,0,0,0,1,1,0,0,0,-319.7007622,0,0,0,0,3,1,1,5,10,0,0,0,3,1,1,5,1000,0,0,0,0,0,0,0,0,0,0,0,0,0,0,0,0,0,0,0,0,0,0,0,0,0,0,0,0,0,0,0,0,0,0,0,0,0,0,0,0,0,0,0,0,0,0,0,0,0,0,0
1986,28,22,6,54.883,2,7,0,-1,0,0,1,1,25,0,0,0,1028,0,0,0,0,0,1,1,0,0,0,-319.9176839,0,0,0,0,3,1,1,5,10,0,0,0,3,1,1,5,1000,0,0,0,0,0,0,0,0,0,0,0,0,0,0,0,0,0,0,0,0,0,0,0,0,0,0,0,0,0,0,0,0,0,0,0,0,0,0,0,0,0,0,0,0,0,0,0,0,0,0,0
1986,28,22,8,30.883,2,7,0,-1,0,0,1,1,25,0,0,0,1028,0,0,0,0,0,1,1,0,0,0,-320.0044524,0,0,0,0,3,1,1,5,10,0,0,0,3,1,1,5,1000,0,0,0,0,0,0,0,0,0,0,0,0,0,0,0,0,0,0,0,0,0,0,0,0,0,0,0,0,0,0,0,0,0,0,0,0,0,0,0,0,0,0,0,0,0,0,0,0,0,0,0
1986,28,22,10,6.883,2,7,0,-1,0,0,1,1,25,0,0,0,1028,0,0,0,0,0,1,1,0,0,0,-320.0912208,0,0,0,0,3,1,1,5,10,0,0,0,3,1,1,5,1000,0,0,0,0,0,0,0,0,0,0,0,0,0,0,0,0,0,0,0,0,0,0,0,0,0,0,0,0,0,0,0,0,0,0,0,0,0,0,0,0,0,0,0,0,0,0,0,0,0,0,0
1986,28,22,11,42.883,2,7,0,-1,0,0,1,1,25,0,0,0,1028,0,0,0,0,0,1,1,0,0,0,-320.1779891,0,0,0,0,3,1,1,5,10,0,0,0,3,1,1,5,1000,0,0,0,0,0,0,0,0,0,0,0,0,0,0,0,0,0,0,0,0,0,0,0,0,0,0,0,0,0,0,0,0,0,0,0,0,0,0,0,0,0,0,0,0,0,0,0,0,0,0,0
1986,28,22,13,18.883,2,7,0,-1,0,0,1,1,25,0,0,0,1028,0,0,0,0,0,1,1,0,0,0,-320.2647573,0,0,0,0,3,1,1,5,10,0,0,0,3,1,1,5,1000,0,0,0,0,0,0,0,0,0,0,0,0,0,0,0,0,0,0,0,0,0,0,0,0,0,0,0,0,0,0,0,0,0,0,0,0,0,0,0,0,0,0,0,0,0,0,0,0,0,0,0
1986,28,22,14,54.883,2,7,0,-1,0,0,1,1,25,0,0,0,1028,0,0,0,0,0,1,1,0,0,0,-320.3515254,0,0,0,0,3,1,1,5,10,0,0,0,3,1,1,5,1000,0,0,0,0,0,0,0,0,0,0,0,0,0,0,0,0,0,0,0,0,0,0,0,0,0,0,0,0,0,0,0,0,0,0,0,0,0,0,0,0,0,0,0,0,0,0,0,0,0,0,0
1986,28,22,18,54.882,2,7,0,-1,0,0,1,1,25,0,0,0,1028,0,0,0,0,0,1,1,0,0,0,-320.5684443,0,0,0,0,3,1,1,5,10,0,0,0,3,1,1,5,1000,0,0,0,0,0,0,0,0,0,0,0,0,0,0,0,0,0,0,0,0,0,0,0,0,0,0,0,0,0,0,0,0,0,0,0,0,0,0,0,0,0,0,0,0,0,0,0,0,0,0,0
1986,28,22,20,30.882,2,7,0,-1,0,0,1,1,25,0,0,0,1028,0,0,0,0,0,1,1,0,0,0,-320.655212,0,0,0,0,3,1,1,5,10,0,0,0,3,1,1,5,1000,0,0,0,0,0,0,0,0,0,0,0,0,0,0,0,0,0,0,0,0,0,0,0,0,0,0,0,0,0,0,0,0,0,0,0,0,0,0,0,0,0,0,0,0,0,0,0,0,0,0,0
1986,28,22,22,6.882,2,7,0,-1,0,0,1,1,25,0,0,0,1028,0,0,0,0,0,1,1,0,0,0,-320.7419796,0,0,0,0,3,1,1,5,10,0,0,0,3,1,1,5,1000,0,0,0,0,0,0,0,0,0,0,0,0,0,0,0,0,0,0,0,0,0,0,0,0,0,0,0,0,0,0,0,0,0,0,0,0,0,0,0,0,0,0,0,0,0,0,0,0,0,0,0
1986,28,22,23,42.882,2,7,0,-1,0,0,1,1,25,0,0,0,1028,0,0,0,0,0,1,1,0,0,0,-320.8287471,0,0,0,0,3,1,1,5,10,0,0,0,3,1,1,5,1000,0,0,0,0,0,0,0,0,0,0,0,0,0,0,0,0,0,0,0,0,0,0,0,0,0,0,0,0,0,0,0,0,0,0,0,0,0,0,0,0,0,0,0,0,0,0,0,0,0,0,0
1986,28,22,25,18.882,2,7,0,-1,0,0,1,1,25,0,0,0,1028,0,0,0,0,0,1,1,0,0,0,-320.9155145,0,0,0,0,3,1,1,5,10,0,0,0,3,1,1,5,1000,0,0,0,0,0,0,0,0,0,0,0,0,0,0,0,0,0,0,0,0,0,0,0,0,0,0,0,0,0,0,0,0,0,0,0,0,0,0,0,0,0,0,0,0,0,0,0,0,0,0,0
1986,28,22,26,54.882,2,7,0,-1,0,0,1,1,25,0,0,0,1028,0,0,0,0,0,1,1,0,0,0,-321.0022819,0,0,0,0,3,1,1,5,10,0,0,0,3,1,1,5,1000,0,0,0,0,0,0,0,0,0,0,0,0,0,0,0,0,0,0,0,0,0,0,0,0,0,0,0,0,0,0,0,0,0,0,0,0,0,0,0,0,0,0,0,0,0,0,0,0,0,0,0
1986,28,22,30,54.882,2,7,0,-1,0,0,1,1,25,0,0,0,1028,0,0,0,0,0,1,1,0,0,0,-321.2191997,0,0,0,0,3,1,1,5,10,0,0,0,3,1,1,5,1000,0,0,0,0,0,0,0,0,0,0,0,0,0,0,0,0,0,0,0,0,0,0,0,0,0,0,0,0,0,0,0,0,0,0,0,0,0,0,0,0,0,0,0,0,0,0,0,0,0,0,0
1986,28,22,32,30.881,2,7,0,-1,0,0,1,1,25,0,0,0,1028,0,0,0,0,0,1,1,0,0,0,-321.3059657,0,0,0,0,3,1,1,5,10,0,0,0,3,1,1,5,1000,0,0,0,0,0,0,0,0,0,0,0,0,0,0,0,0,0,0,0,0,0,0,0,0,0,0,0,0,0,0,0,0,0,0,0,0,0,0,0,0,0,0,0,0,0,0,0,0,0,0,0
1986,28,22,34,6.881,2,7,0,-1,0,0,1,1,25,0,0,0,1028,0,0,0,0,0,1,1,0,0,0,-321.3927325,0,0,0,0,3,1,1,5,10,0,0,0,3,1,1,5,1000,0,0,0,0,0,0,0,0,0,0,0,0,0,0,0,0,0,0,0,0,0,0,0,0,0,0,0,0,0,0,0,0,0,0,0,0,0,0,0,0,0,0,0,0,0,0,0,0,0,0,0
1986,28,22,35,42.881,2,7,0,-1,0,0,1,1,25,0,0,0,1028,0,0,0,0,0,1,1,0,0,0,-321.4794993,0,0,0,0,3,1,1,5,10,0,0,0,3,1,1,5,1000,0,0,0,0,0,0,0,0,0,0,0,0,0,0,0,0,0,0,0,0,0,0,0,0,0,0,0,0,0,0,0,0,0,0,0,0,0,0,0,0,0,0,0,0,0,0,0,0,0,0,0
1986,28,22,37,18.881,2,7,0,-1,0,0,1,1,25,0,0,0,1028,0,0,0,0,0,1,1,0,0,0,-321.5662659,0,0,0,0,3,1,1,5,10,0,0,0,3,1,1,5,1000,0,0,0,0,0,0,0,0,0,0,0,0,0,0,0,0,0,0,0,0,0,0,0,0,0,0,0,0,0,0,0,0,0,0,0,0,0,0,0,0,0,0,0,0,0,0,0,0,0,0,0
1986,28,22,38,54.881,2,7,0,-1,0,0,1,1,25,0,0,0,1028,0,0,0,0,0,1,1,0,0,0,-321.6530324,0,0,0,0,3,1,1,5,10,0,0,0,3,1,1,5,1000,0,0,0,0,0,0,0,0,0,0,0,0,0,0,0,0,0,0,0,0,0,0,0,0,0,0,0,0,0,0,0,0,0,0,0,0,0,0,0,0,0,0,0,0,0,0,0,0,0,0,0
1986,28,22,42,54.881,2,7,0,-1,0,0,1,1,25,0,0,0,1028,0,0,0,0,0,1,1,0,0,0,-321.8699482,0,0,0,0,3,1,1,5,10,0,0,0,3,1,1,5,1000,0,0,0,0,0,0,0,0,0,0,0,0,0,0,0,0,0,0,0,0,0,0,0,0,0,0,0,0,0,0,0,0,0,0,0,0,0,0,0,0,0,0,0,0,0,0,0,0,0,0,0
1986,28,22,44,30.881,2,7,0,-1,0,0,1,1,25,0,0,0,1028,0,0,0,0,0,1,1,0,0,0,-321.9567144,0,0,0,0,3,1,1,5,10,0,0,0,3,1,1,5,1000,0,0,0,0,0,0,0,0,0,0,0,0,0,0,0,0,0,0,0,0,0,0,0,0,0,0,0,0,0,0,0,0,0,0,0,0,0,0,0,0,0,0,0,0,0,0,0,0,0,0,0
1986,28,22,46,6.881,2,7,0,-1,0,0,1,1,25,0,0,0,1028,0,0,0,0,0,1,1,0,0,0,-322.0434805,0,0,0,0,3,1,1,5,10,0,0,0,3,1,1,5,1000,0,0,0,0,0,0,0,0,0,0,0,0,0,0,0,0,0,0,0,0,0,0,0,0,0,0,0,0,0,0,0,0,0,0,0,0,0,0,0,0,0,0,0,0,0,0,0,0,0,0,0
1986,28,22,47,42.88,2,7,0,-1,0,0,1,1,25,0,0,0,1028,0,0,0,0,0,1,1,0,0,0,-322.1302455,0,0,0,0,3,1,1,5,10,0,0,0,3,1,1,5,1000,0,0,0,0,0,0,0,0,0,0,0,0,0,0,0,0,0,0,0,0,0,0,0,0,0,0,0,0,0,0,0,0,0,0,0,0,0,0,0,0,0,0,0,0,0,0,0,0,0,0,0
1986,28,22,49,18.88,2,7,0,-1,0,0,1,1,25,0,0,0,1028,0,0,0,0,0,1,1,0,0,0,-322.2170113,0,0,0,0,3,1,1,5,10,0,0,0,3,1,1,5,1000,0,0,0,0,0,0,0,0,0,0,0,0,0,0,0,0,0,0,0,0,0,0,0,0,0,0,0,0,0,0,0,0,0,0,0,0,0,0,0,0,0,0,0,0,0,0,0,0,0,0,0
1986,28,22,50,54.88,2,7,0,-1,0,0,1,1,25,0,0,0,1028,0,0,0,0,0,1,1,0,0,0,-322.3037771,0,0,0,0,3,1,1,5,10,0,0,0,3,1,1,5,1000,0,0,0,0,0,0,0,0,0,0,0,0,0,0,0,0,0,0,0,0,0,0,0,0,0,0,0,0,0,0,0,0,0,0,0,0,0,0,0,0,0,0,0,0,0,0,0,0,0,0,0
1986,28,22,54,54.88,2,7,0,-1,0,0,1,1,25,0,0,0,1028,0,0,0,0,0,1,1,0,0,0,-322.520691,0,0,0,0,3,1,1,5,10,0,0,0,3,1,1,5,1000,0,0,0,0,0,0,0,0,0,0,0,0,0,0,0,0,0,0,0,0,0,0,0,0,0,0,0,0,0,0,0,0,0,0,0,0,0,0,0,0,0,0,0,0,0,0,0,0,0,0,0
1986,28,22,56,30.88,2,7,0,-1,0,0,1,1,25,0,0,0,1028,0,0,0,0,0,1,1,0,0,0,-322.6074564,0,0,0,0,3,1,1,5,10,0,0,0,3,1,1,5,1000,0,0,0,0,0,0,0,0,0,0,0,0,0,0,0,0,0,0,0,0,0,0,0,0,0,0,0,0,0,0,0,0,0,0,0,0,0,0,0,0,0,0,0,0,0,0,0,0,0,0,0
1986,28,22,58,6.88,2,7,0,-1,0,0,1,1,25,0,0,0,1028,0,0,0,0,0,1,1,0,0,0,-322.6942216,0,0,0,0,3,1,1,5,10,0,0,0,3,1,1,5,1000,0,0,0,0,0,0,0,0,0,0,0,0,0,0,0,0,0,0,0,0,0,0,0,0,0,0,0,0,0,0,0,0,0,0,0,0,0,0,0,0,0,0,0,0,0,0,0,0,0,0,0
1986,28,22,59,42.88,2,7,0,-1,0,0,1,1,25,0,0,0,1028,0,0,0,0,0,1,1,0,0,0,-322.7809868,0,0,0,0,3,1,1,5,10,0,0,0,3,1,1,5,1000,0,0,0,0,0,0,0,0,0,0,0,0,0,0,0,0,0,0,0,0,0,0,0,0,0,0,0,0,0,0,0,0,0,0,0,0,0,0,0,0,0,0,0,0,0,0,0,0,0,0,0
1986,28,23,1,18.88,2,7,0,-1,0,0,1,1,25,0,0,0,1028,0,0,0,0,0,1,1,0,0,0,-322.8677519,0,0,0,0,3,1,1,5,10,0,0,0,3,1,1,5,1000,0,0,0,0,0,0,0,0,0,0,0,0,0,0,0,0,0,0,0,0,0,0,0,0,0,0,0,0,0,0,0,0,0,0,0,0,0,0,0,0,0,0,0,0,0,0,0,0,0,0,0
1986,28,23,2,54.879,2,7,0,-1,0,0,1,1,25,0,0,0,1028,0,0,0,0,0,1,1,0,0,0,-322.9545159,0,0,0,0,3,1,1,5,10,0,0,0,3,1,1,5,1000,0,0,0,0,0,0,0,0,0,0,0,0,0,0,0,0,0,0,0,0,0,0,0,0,0,0,0,0,0,0,0,0,0,0,0,0,0,0,0,0,0,0,0,0,0,0,0,0,0,0,0
1986,28,23,6,54.879,2,7,0,-1,0,0,1,1,25,0,0,0,1028,0,0,0,0,0,1,1,0,0,0,-323.1714279,0,0,0,0,3,1,1,5,10,0,0,0,3,1,1,5,1000,0,0,0,0,0,0,0,0,0,0,0,0,0,0,0,0,0,0,0,0,0,0,0,0,0,0,0,0,0,0,0,0,0,0,0,0,0,0,0,0,0,0,0,0,0,0,0,0,0,0,0
1986,28,23,8,30.879,2,7,0,-1,0,0,1,1,25,0,0,0,1028,0,0,0,0,0,1,1,0,0,0,-323.2581925,0,0,0,0,3,1,1,5,10,0,0,0,3,1,1,5,1000,0,0,0,0,0,0,0,0,0,0,0,0,0,0,0,0,0,0,0,0,0,0,0,0,0,0,0,0,0,0,0,0,0,0,0,0,0,0,0,0,0,0,0,0,0,0,0,0,0,0,0
1986,28,23,10,6.879,2,7,0,-1,0,0,1,1,25,0,0,0,1028,0,0,0,0,0,1,1,0,0,0,-323.344957,0,0,0,0,3,1,1,5,10,0,0,0,3,1,1,5,1000,0,0,0,0,0,0,0,0,0,0,0,0,0,0,0,0,0,0,0,0,0,0,0,0,0,0,0,0,0,0,0,0,0,0,0,0,0,0,0,0,0,0,0,0,0,0,0,0,0,0,0
1986,28,23,11,42.879,2,7,0,-1,0,0,1,1,25,0,0,0,1028,0,0,0,0,0,1,1,0,0,0,-323.4317214,0,0,0,0,3,1,1,5,10,0,0,0,3,1,1,5,1000,0,0,0,0,0,0,0,0,0,0,0,0,0,0,0,0,0,0,0,0,0,0,0,0,0,0,0,0,0,0,0,0,0,0,0,0,0,0,0,0,0,0,0,0,0,0,0,0,0,0,0
1986,28,23,13,18.879,2,7,0,-1,0,0,1,1,25,0,0,0,1028,0,0,0,0,0,1,1,0,0,0,-323.5184857,0,0,0,0,3,1,1,5,10,0,0,0,3,1,1,5,1000,0,0,0,0,0,0,0,0,0,0,0,0,0,0,0,0,0,0,0,0,0,0,0,0,0,0,0,0,0,0,0,0,0,0,0,0,0,0,0,0,0,0,0,0,0,0,0,0,0,0,0
1986,28,23,14,54.879,2,7,0,-1,0,0,1,1,25,0,0,0,1028,0,0,0,0,0,1,1,0,0,0,-323.6052499,0,0,0,0,3,1,1,5,10,0,0,0,3,1,1,5,1000,0,0,0,0,0,0,0,0,0,0,0,0,0,0,0,0,0,0,0,0,0,0,0,0,0,0,0,0,0,0,0,0,0,0,0,0,0,0,0,0,0,0,0,0,0,0,0,0,0,0,0
1986,28,23,18,54.878,2,7,0,-1,0,0,1,1,25,0,0,0,1028,0,0,0,0,0,1,1,0,0,0,-323.822159,0,0,0,0,3,1,1,5,10,0,0,0,3,1,1,5,1000,0,0,0,0,0,0,0,0,0,0,0,0,0,0,0,0,0,0,0,0,0,0,0,0,0,0,0,0,0,0,0,0,0,0,0,0,0,0,0,0,0,0,0,0,0,0,0,0,0,0,0
1986,28,23,20,30.878,2,7,0,-1,0,0,1,1,25,0,0,0,1028,0,0,0,0,0,1,1,0,0,0,-323.9089228,0,0,0,0,3,1,1,5,10,0,0,0,3,1,1,5,1000,0,0,0,0,0,0,0,0,0,0,0,0,0,0,0,0,0,0,0,0,0,0,0,0,0,0,0,0,0,0,0,0,0,0,0,0,0,0,0,0,0,0,0,0,0,0,0,0,0,0,0
1986,28,23,22,6.878,2,7,0,-1,0,0,1,1,25,0,0,0,1028,0,0,0,0,0,1,1,0,0,0,-323.9956865,0,0,0,0,3,1,1,5,10,0,0,0,3,1,1,5,1000,0,0,0,0,0,0,0,0,0,0,0,0,0,0,0,0,0,0,0,0,0,0,0,0,0,0,0,0,0,0,0,0,0,0,0,0,0,0,0,0,0,0,0,0,0,0,0,0,0,0,0
1986,28,23,23,42.878,2,7,0,-1,0,0,1,1,25,0,0,0,1028,0,0,0,0,0,1,1,0,0,0,-324.0824502,0,0,0,0,3,1,1,5,10,0,0,0,3,1,1,5,1000,0,0,0,0,0,0,0,0,0,0,0,0,0,0,0,0,0,0,0,0,0,0,0,0,0,0,0,0,0,0,0,0,0,0,0,0,0,0,0,0,0,0,0,0,0,0,0,0,0,0,0
1986,28,23,25,18.878,2,7,0,-1,0,0,1,1,25,0,0,0,1028,0,0,0,0,0,1,1,0,0,0,-324.1692137,0,0,0,0,3,1,1,5,10,0,0,0,3,1,1,5,1000,0,0,0,0,0,0,0,0,0,0,0,0,0,0,0,0,0,0,0,0,0,0,0,0,0,0,0,0,0,0,0,0,0,0,0,0,0,0,0,0,0,0,0,0,0,0,0,0,0,0,0
1986,28,23,26,54.878,2,7,0,-1,0,0,1,1,25,0,0,0,1028,0,0,0,0,0,1,1,0,0,0,-324.2559771,0,0,0,0,3,1,1,5,10,0,0,0,3,1,1,5,1000,0,0,0,0,0,0,0,0,0,0,0,0,0,0,0,0,0,0,0,0,0,0,0,0,0,0,0,0,0,0,0,0,0,0,0,0,0,0,0,0,0,0,0,0,0,0,0,0,0,0,0
1986,28,23,30,54.878,2,7,0,-1,0,0,1,1,25,0,0,0,1028,0,0,0,0,0,1,1,0,0,0,-324.4728852,0,0,0,0,3,1,1,5,10,0,0,0,3,1,1,5,1000,0,0,0,0,0,0,0,0,0,0,0,0,0,0,0,0,0,0,0,0,0,0,0,0,0,0,0,0,0,0,0,0,0,0,0,0,0,0,0,0,0,0,0,0,0,0,0,0,0,0,0
1986,28,23,32,30.877,2,7,0,-1,0,0,1,1,25,0,0,0,1028,0,0,0,0,0,1,1,0,0,0,-324.5596478,0,0,0,0,3,1,1,5,10,0,0,0,3,1,1,5,1000,0,0,0,0,0,0,0,0,0,0,0,0,0,0,0,0,0,0,0,0,0,0,0,0,0,0,0,0,0,0,0,0,0,0,0,0,0,0,0,0,0,0,0,0,0,0,0,0,0,0,0
1986,28,23,34,6.877,2,7,0,-1,0,0,1,1,25,0,0,0,1028,0,0,0,0,0,1,1,0,0,0,-324.6464103,0,0,0,0,3,1,1,5,10,0,0,0,3,1,1,5,1000,0,0,0,0,0,0,0,0,0,0,0,0,0,0,0,0,0,0,0,0,0,0,0,0,0,0,0,0,0,0,0,0,0,0,0,0,0,0,0,0,0,0,0,0,0,0,0,0,0,0,0
1986,28,23,35,42.877,2,7,0,-1,0,0,1,1,25,0,0,0,1028,0,0,0,0,0,1,1,0,0,0,-324.7331732,0,0,0,0,3,1,1,5,10,0,0,0,3,1,1,5,1000,0,0,0,0,0,0,0,0,0,0,0,0,0,0,0,0,0,0,0,0,0,0,0,0,0,0,0,0,0,0,0,0,0,0,0,0,0,0,0,0,0,0,0,0,0,0,0,0,0,0,0
1986,28,23,37,18.877,2,7,0,-1,0,0,1,1,25,0,0,0,1028,0,0,0,0,0,1,1,0,0,0,-324.8199359,0,0,0,0,3,1,1,5,10,0,0,0,3,1,1,5,1000,0,0,0,0,0,0,0,0,0,0,0,0,0,0,0,0,0,0,0,0,0,0,0,0,0,0,0,0,0,0,0,0,0,0,0,0,0,0,0,0,0,0,0,0,0,0,0,0,0,0,0
1986,28,23,38,54.877,2,7,0,-1,0,0,1,1,25,0,0,0,1028,0,0,0,0,0,1,1,0,0,0,-324.9066986,0,0,0,0,3,1,1,5,10,0,0,0,3,1,1,5,1000,0,0,0,0,0,0,0,0,0,0,0,0,0,0,0,0,0,0,0,0,0,0,0,0,0,0,0,0,0,0,0,0,0,0,0,0,0,0,0,0,0,0,0,0,0,0,0,0,0,0,0
1986,28,23,42,54.877,2,7,0,-1,0,0,1,1,25,0,0,0,1028,0,0,0,0,0,1,1,0,0,0,-325.1236048,0,0,0,0,3,1,1,5,10,0,0,0,3,1,1,5,1000,0,0,0,0,0,0,0,0,0,0,0,0,0,0,0,0,0,0,0,0,0,0,0,0,0,0,0,0,0,0,0,0,0,0,0,0,0,0,0,0,0,0,0,0,0,0,0,0,0,0,0
1986,28,23,44,30.877,2,7,0,-1,0,0,1,1,25,0,0,0,1028,0,0,0,0,0,1,1,0,0,0,-325.2103671,0,0,0,0,3,1,1,5,10,0,0,0,3,1,1,5,1000,0,0,0,0,0,0,0,0,0,0,0,0,0,0,0,0,0,0,0,0,0,0,0,0,0,0,0,0,0,0,0,0,0,0,0,0,0,0,0,0,0,0,0,0,0,0,0,0,0,0,0
1986,28,23,46,6.877,2,7,0,-1,0,0,1,1,25,0,0,0,1028,0,0,0,0,0,1,1,0,0,0,-325.2971293,0,0,0,0,3,1,1,5,10,0,0,0,3,1,1,5,1000,0,0,0,0,0,0,0,0,0,0,0,0,0,0,0,0,0,0,0,0,0,0,0,0,0,0,0,0,0,0,0,0,0,0,0,0,0,0,0,0,0,0,0,0,0,0,0,0,0,0,0
1986,28,23,47,42.876,2,7,0,-1,0,0,1,1,25,0,0,0,1028,0,0,0,0,0,1,1,0,0,0,-325.3838909,0,0,0,0,3,1,1,5,10,0,0,0,3,1,1,5,1000,0,0,0,0,0,0,0,0,0,0,0,0,0,0,0,0,0,0,0,0,0,0,0,0,0,0,0,0,0,0,0,0,0,0,0,0,0,0,0,0,0,0,0,0,0,0,0,0,0,0,0
1986,28,23,49,18.876,2,7,0,-1,0,0,1,1,25,0,0,0,1028,0,0,0,0,0,1,1,0,0,0,-325.4706524,0,0,0,0,3,1,1,5,10,0,0,0,3,1,1,5,1000,0,0,0,0,0,0,0,0,0,0,0,0,0,0,0,0,0,0,0,0,0,0,0,0,0,0,0,0,0,0,0,0,0,0,0,0,0,0,0,0,0,0,0,0,0,0,0,0,0,0,0
1986,28,23,50,54.876,2,7,0,-1,0,0,1,1,25,0,0,0,1028,0,0,0,0,0,1,1,0,0,0,-325.5574143,0,0,0,0,3,1,1,5,10,0,0,0,3,1,1,5,1000,0,0,0,0,0,0,0,0,0,0,0,0,0,0,0,0,0,0,0,0,0,0,0,0,0,0,0,0,0,0,0,0,0,0,0,0,0,0,0,0,0,0,0,0,0,0,0,0,0,0,0
1986,28,23,54,54.876,2,7,0,-1,0,0,1,1,25,0,0,0,1028,0,0,0,0,0,1,1,0,0,0,-325.7743186,0,0,0,0,3,1,1,5,10,0,0,0,3,1,1,5,1000,0,0,0,0,0,0,0,0,0,0,0,0,0,0,0,0,0,0,0,0,0,0,0,0,0,0,0,0,0,0,0,0,0,0,0,0,0,0,0,0,0,0,0,0,0,0,0,0,0,0,0
1986,28,23,56,30.876,2,7,0,-1,0,0,1,1,25,0,0,0,1028,0,0,0,0,0,1,1,0,0,0,-325.8610801,0,0,0,0,3,1,1,5,10,0,0,0,3,1,1,5,1000,0,0,0,0,0,0,0,0,0,0,0,0,0,0,0,0,0,0,0,0,0,0,0,0,0,0,0,0,0,0,0,0,0,0,0,0,0,0,0,0,0,0,0,0,0,0,0,0,0,0,0
1986,28,23,58,6.876,2,7,0,-1,0,0,1,1,25,0,0,0,1028,0,0,0,0,0,1,1,0,0,0,-325.9478416,0,0,0,0,3,1,1,5,10,0,0,0,3,1,1,5,1000,0,0,0,0,0,0,0,0,0,0,0,0,0,0,0,0,0,0,0,0,0,0,0,0,0,0,0,0,0,0,0,0,0,0,0,0,0,0,0,0,0,0,0,0,0,0,0,0,0,0,0
1986,28,23,59,42.876,2,7,0,-1,0,0,1,1,25,0,0,0,1028,0,0,0,0,0,1,1,0,0,0,-326.0346029,0,0,0,0,3,1,1,5,10,0,0,0,3,1,1,5,1000,0,0,0,0,0,0,0,0,0,0,0,0,0,0,0,0,0,0,0,0,0,0,0,0,0,0,0,0,0,0,0,0,0,0,0,0,0,0,0,0,0,0,0,0,0,0,0,0,0,0,0
1986,29,0,1,18.876,2,7,0,-1,0,0,1,1,25,0,0,0,1028,0,0,0,0,0,1,1,0,0,0,-326.1213641,0,0,0,0,3,1,1,5,10,0,0,0,3,1,1,5,1000,0,0,0,0,0,0,0,0,0,0,0,0,0,0,0,0,0,0,0,0,0,0,0,0,0,0,0,0,0,0,0,0,0,0,0,0,0,0,0,0,0,0,0,0,0,0,0,0,0,0,0
1986,29,0,2,54.875,2,7,0,-1,0,0,1,1,25,0,0,0,1028,0,0,0,0,0,1,1,0,0,0,-326.2081243,0,0,0,0,3,1,1,5,10,0,0,0,3,1,1,5,1000,0,0,0,0,0,0,0,0,0,0,0,0,0,0,0,0,0,0,0,0,0,0,0,0,0,0,0,0,0,0,0,0,0,0,0,0,0,0,0,0,0,0,0,0,0,0,0,0,0,0,0
1986,29,0,6,54.875,2,7,0,-1,0,0,1,1,25,0,0,0,1028,0,0,0,0,0,1,1,0,0,0,-326.4250267,0,0,0,0,3,1,1,5,10,0,0,0,3,1,1,5,1000,0,0,0,0,0,0,0,0,0,0,0,0,0,0,0,0,0,0,0,0,0,0,0,0,0,0,0,0,0,0,0,0,0,0,0,0,0,0,0,0,0,0,0,0,0,0,0,0,0,0,0
1986,29,0,8,30.875,2,7,0,-1,0,0,1,1,25,0,0,0,1028,0,0,0,0,0,1,1,0,0,0,-326.5117875,0,0,0,0,3,1,1,5,10,0,0,0,3,1,1,5,1000,0,0,0,0,0,0,0,0,0,0,0,0,0,0,0,0,0,0,0,0,0,0,0,0,0,0,0,0,0,0,0,0,0,0,0,0,0,0,0,0,0,0,0,0,0,0,0,0,0,0,0
1986,29,0,10,6.875,2,7,0,-1,0,0,1,1,25,0,0,0,1028,0,0,0,0,0,1,1,0,0,0,-326.5985482,0,0,0,0,3,1,1,5,10,0,0,0,3,1,1,5,1000,0,0,0,0,0,0,0,0,0,0,0,0,0,0,0,0,0,0,0,0,0,0,0,0,0,0,0,0,0,0,0,0,0,0,0,0,0,0,0,0,0,0,0,0,0,0,0,0,0,0,0
1986,29,0,11,42.875,2,7,0,-1,0,0,1,1,25,0,0,0,1028,0,0,0,0,0,1,1,0,0,0,-326.6853087,0,0,0,0,3,1,1,5,10,0,0,0,3,1,1,5,1000,0,0,0,0,0,0,0,0,0,0,0,0,0,0,0,0,0,0,0,0,0,0,0,0,0,0,0,0,0,0,0,0,0,0,0,0,0,0,0,0,0,0,0,0,0,0,0,0,0,0,0
1986,29,0,13,18.875,2,7,0,-1,0,0,1,1,25,0,0,0,1028,0,0,0,0,0,1,1,0,0,0,-326.7720692,0,0,0,0,3,1,1,5,10,0,0,0,3,1,1,5,1000,0,0,0,0,0,0,0,0,0,0,0,0,0,0,0,0,0,0,0,0,0,0,0,0,0,0,0,0,0,0,0,0,0,0,0,0,0,0,0,0,0,0,0,0,0,0,0,0,0,0,0
1986,29,0,14,54.875,2,7,0,-1,0,0,1,1,25,0,0,0,1028,0,0,0,0,0,1,1,0,0,0,-326.8588296,0,0,0,0,3,1,1,5,10,0,0,0,3,1,1,5,1000,0,0,0,0,0,0,0,0,0,0,0,0,0,0,0,0,0,0,0,0,0,0,0,0,0,0,0,0,0,0,0,0,0,0,0,0,0,0,0,0,0,0,0,0,0,0,0,0,0,0,0
1986,29,0,22,6.874,2,7,0,-1,0,0,1,1,25,0,0,0,1028,0,0,0,0,0,1,1,0,0,0,-327.2492491,0,0,0,0,3,1,1,5,10,0,0,0,3,1,1,5,1000,0,0,0,0,0,0,0,0,0,0,0,0,0,0,0,0,0,0,0,0,0,0,0,0,0,0,0,0,0,0,0,0,0,0,0,0,0,0,0,0,0,0,0,0,0,0,0,0,0,0,0
1986,29,0,23,42.874,2,7,0,-1,0,0,1,1,25,0,0,0,1028,0,0,0,0,0,1,1,0,0,0,-327.3360089,0,0,0,0,3,1,1,5,10,0,0,0,3,1,1,5,1000,0,0,0,0,0,0,0,0,0,0,0,0,0,0,0,0,0,0,0,0,0,0,0,0,0,0,0,0,0,0,0,0,0,0,0,0,0,0,0,0,0,0,0,0,0,0,0,0,0,0,0
1986,29,0,25,18.874,2,7,0,-1,0,0,1,1,25,0,0,0,1028,0,0,0,0,0,1,1,0,0,0,-327.4227686,0,0,0,0,3,1,1,5,10,0,0,0,3,1,1,5,1000,0,0,0,0,0,0,0,0,0,0,0,0,0,0,0,0,0,0,0,0,0,0,0,0,0,0,0,0,0,0,0,0,0,0,0,0,0,0,0,0,0,0,0,0,0,0,0,0,0,0,0
1986,29,0,26,54.874,2,7,0,-1,0,0,1,1,25,0,0,0,1028,0,0,0,0,0,1,1,0,0,0,-327.5095282,0,0,0,0,3,1,1,5,10,0,0,0,3,1,1,5,1000,0,0,0,0,0,0,0,0,0,0,0,0,0,0,0,0,0,0,0,0,0,0,0,0,0,0,0,0,0,0,0,0,0,0,0,0,0,0,0,0,0,0,0,0,0,0,0,0,0,0,0
1986,29,0,30,54.874,2,7,0,-1,0,0,1,1,25,0,0,0,1028,0,0,0,0,0,1,1,0,0,0,-327.7264268,0,0,0,0,3,1,1,5,10,0,0,0,3,1,1,5,1000,0,0,0,0,0,0,0,0,0,0,0,0,0,0,0,0,0,0,0,0,0,0,0,0,0,0,0,0,0,0,0,0,0,0,0,0,0,0,0,0,0,0,0,0,0,0,0,0,0,0,0
1986,29,0,32,30.873,2,7,0,-1,0,0,1,1,25,0,0,0,1028,0,0,0,0,0,1,1,0,0,0,-327.8131856,0,0,0,0,3,1,1,5,10,0,0,0,3,1,1,5,1000,0,0,0,0,0,0,0,0,0,0,0,0,0,0,0,0,0,0,0,0,0,0,0,0,0,0,0,0,0,0,0,0,0,0,0,0,0,0,0,0,0,0,0,0,0,0,0,0,0,0,0
1986,29,0,34,6.873,2,7,0,-1,0,0,1,1,25,0,0,0,1028,0,0,0,0,0,1,1,0,0,0,-327.8999443,0,0,0,0,3,1,1,5,10,0,0,0,3,1,1,5,1000,0,0,0,0,0,0,0,0,0,0,0,0,0,0,0,0,0,0,0,0,0,0,0,0,0,0,0,0,0,0,0,0,0,0,0,0,0,0,0,0,0,0,0,0,0,0,0,0,0,0,0
1986,29,0,35,42.873,2,7,0,-1,0,0,1,1,25,0,0,0,1028,0,0,0,0,0,1,1,0,0,0,-327.9867034,0,0,0,0,3,1,1,5,10,0,0,0,3,1,1,5,1000,0,0,0,0,0,0,0,0,0,0,0,0,0,0,0,0,0,0,0,0,0,0,0,0,0,0,0,0,0,0,0,0,0,0,0,0,0,0,0,0,0,0,0,0,0,0,0,0,0,0,0
1986,29,0,37,18.873,2,7,0,-1,0,0,1,1,25,0,0,0,1028,0,0,0,0,0,1,1,0,0,0,-328.0734624,0,0,0,0,3,1,1,5,10,0,0,0,3,1,1,5,1000,0,0,0,0,0,0,0,0,0,0,0,0,0,0,0,0,0,0,0,0,0,0,0,0,0,0,0,0,0,0,0,0,0,0,0,0,0,0,0,0,0,0,0,0,0,0,0,0,0,0,0
1986,29,0,38,54.873,2,7,0,-1,0,0,1,1,25,0,0,0,1028,0,0,0,0,0,1,1,0,0,0,-328.1602212,0,0,0,0,3,1,1,5,10,0,0,0,3,1,1,5,1000,0,0,0,0,0,0,0,0,0,0,0,0,0,0,0,0,0,0,0,0,0,0,0,0,0,0,0,0,0,0,0,0,0,0,0,0,0,0,0,0,0,0,0,0,0,0,0,0,0,0,0
1986,29,0,42,54.873,2,7,0,-1,0,0,1,1,25,0,0,0,1028,0,0,0,0,0,1,1,0,0,0,-328.3771179,0,0,0,0,3,1,1,5,10,0,0,0,3,1,1,5,1000,0,0,0,0,0,0,0,0,0,0,0,0,0,0,0,0,0,0,0,0,0,0,0,0,0,0,0,0,0,0,0,0,0,0,0,0,0,0,0,0,0,0,0,0,0,0,0,0,0,0,0
1986,29,0,44,30.873,2,7,0,-1,0,0,1,1,25,0,0,0,1028,0,0,0,0,0,1,1,0,0,0,-328.4638765,0,0,0,0,3,1,1,5,10,0,0,0,3,1,1,5,1000,0,0,0,0,0,0,0,0,0,0,0,0,0,0,0,0,0,0,0,0,0,0,0,0,0,0,0,0,0,0,0,0,0,0,0,0,0,0,0,0,0,0,0,0,0,0,0,0,0,0,0
1986,29,0,46,6.873,2,7,0,-1,0,0,1,1,25,0,0,0,1028,0,0,0,0,0,1,1,0,0,0,-328.5506349,0,0,0,0,3,1,1,5,10,0,0,0,3,1,1,5,1000,0,0,0,0,0,0,0,0,0,0,0,0,0,0,0,0,0,0,0,0,0,0,0,0,0,0,0,0,0,0,0,0,0,0,0,0,0,0,0,0,0,0,0,0,0,0,0,0,0,0,0
1986,29,0,49,18.872,2,7,0,-1,0,0,1,1,25,0,0,0,1028,0,0,0,0,0,1,1,0,0,0,-328.7241505,0,0,0,0,3,1,1,5,10,0,0,0,3,1,1,5,1000,0,0,0,0,0,0,0,0,0,0,0,0,0,0,0,0,0,0,0,0,0,0,0,0,0,0,0,0,0,0,0,0,0,0,0,0,0,0,0,0,0,0,0,0,0,0,0,0,0,0,0
1986,29,0,50,54.872,2,7,0,-1,0,0,1,1,25,0,0,0,1028,0,0,0,0,0,1,1,0,0,0,-328.8109086,0,0,0,0,3,1,1,5,10,0,0,0,3,1,1,5,1000,0,0,0,0,0,0,0,0,0,0,0,0,0,0,0,0,0,0,0,0,0,0,0,0,0,0,0,0,0,0,0,0,0,0,0,0,0,0,0,0,0,0,0,0,0,0,0,0,0,0,0
1986,29,0,54,54.872,2,7,0,-1,0,0,1,1,25,0,0,0,1028,0,0,0,0,0,1,1,0,0,0,-329.0278035,0,0,0,0,3,1,1,5,10,0,0,0,3,1,1,5,1000,0,0,0,0,0,0,0,0,0,0,0,0,0,0,0,0,0,0,0,0,0,0,0,0,0,0,0,0,0,0,0,0,0,0,0,0,0,0,0,0,0,0,0,0,0,0,0,0,0,0,0
1986,29,0,58,6.872,2,7,0,-1,0,0,1,1,25,0,0,0,1028,0,0,0,0,0,1,1,0,0,0,-329.2013189,0,0,0,0,3,1,1,5,10,0,0,0,3,1,1,5,1000,0,0,0,0,0,0,0,0,0,0,0,0,0,0,0,0,0,0,0,0,0,0,0,0,0,0,0,0,0,0,0,0,0,0,0,0,0,0,0,0,0,0,0,0,0,0,0,0,0,0,0
1986,29,0,59,42.872,2,7,0,-1,0,0,1,1,25,0,0,0,1028,0,0,0,0,0,1,1,0,0,0,-329.2880765,0,0,0,0,3,1,1,5,10,0,0,0,3,1,1,5,1000,0,0,0,0,0,0,0,0,0,0,0,0,0,0,0,0,0,0,0,0,0,0,0,0,0,0,0,0,0,0,0,0,0,0,0,0,0,0,0,0,0,0,0,0,0,0,0,0,0,0,0
1986,29,1,1,18.872,2,7,0,-1,0,0,1,1,25,0,0,0,1028,0,0,0,0,0,1,1,0,0,0,-329.3748339,0,0,0,0,3,1,1,5,10,0,0,0,3,1,1,5,1000,0,0,0,0,0,0,0,0,0,0,0,0,0,0,0,0,0,0,0,0,0,0,0,0,0,0,0,0,0,0,0,0,0,0,0,0,0,0,0,0,0,0,0,0,0,0,0,0,0,0,0
1986,29,1,2,54.871,2,7,0,-1,0,0,1,1,25,0,0,0,1028,0,0,0,0,0,1,1,0,0,0,-329.4615908,0,0,0,0,3,1,1,5,10,0,0,0,3,1,1,5,1000,0,0,0,0,0,0,0,0,0,0,0,0,0,0,0,0,0,0,0,0,0,0,0,0,0,0,0,0,0,0,0,0,0,0,0,0,0,0,0,0,0,0,0,0,0,0,0,0,0,0,0
1986,29,1,6,54.871,2,7,0,-1,0,0,1,1,25,0,0,0,1028,0,0,0,0,0,1,1,0,0,0,-329.6784834,0,0,0,0,3,1,1,5,10,0,0,0,3,1,1,5,1000,0,0,0,0,0,0,0,0,0,0,0,0,0,0,0,0,0,0,0,0,0,0,0,0,0,0,0,0,0,0,0,0,0,0,0,0,0,0,0,0,0,0,0,0,0,0,0,0,0,0,0
1986,29,1,8,30.871,2,7,0,-1,0,0,1,1,25,0,0,0,1028,0,0,0,0,0,1,1,0,0,0,-329.7652404,0,0,0,0,3,1,1,5,10,0,0,0,3,1,1,5,1000,0,0,0,0,0,0,0,0,0,0,0,0,0,0,0,0,0,0,0,0,0,0,0,0,0,0,0,0,0,0,0,0,0,0,0,0,0,0,0,0,0,0,0,0,0,0,0,0,0,0,0
1986,29,1,10,6.871,2,7,0,-1,0,0,1,1,25,0,0,0,1028,0,0,0,0,0,1,1,0,0,0,-329.8519973,0,0,0,0,3,1,1,5,10,0,0,0,3,1,1,5,1000,0,0,0,0,0,0,0,0,0,0,0,0,0,0,0,0,0,0,0,0,0,0,0,0,0,0,0,0,0,0,0,0,0,0,0,0,0,0,0,0,0,0,0,0,0,0,0,0,0,0,0
1986,29,1,11,42.871,2,7,0,-1,0,0,1,1,25,0,0,0,1028,0,0,0,0,0,1,1,0,0,0,-329.9387541,0,0,0,0,3,1,1,5,10,0,0,0,3,1,1,5,1000,0,0,0,0,0,0,0,0,0,0,0,0,0,0,0,0,0,0,0,0,0,0,0,0,0,0,0,0,0,0,0,0,0,0,0,0,0,0,0,0,0,0,0,0,0,0,0,0,0,0,0
1986,29,1,13,18.871,2,7,0,-1,0,0,1,1,25,0,0,0,1028,0,0,0,0,0,1,1,0,0,0,-330.0255109,0,0,0,0,3,1,1,5,10,0,0,0,3,1,1,5,1000,0,0,0,0,0,0,0,0,0,0,0,0,0,0,0,0,0,0,0,0,0,0,0,0,0,0,0,0,0,0,0,0,0,0,0,0,0,0,0,0,0,0,0,0,0,0,0,0,0,0,0
1986,29,1,14,54.871,2,7,0,-1,0,0,1,1,25,0,0,0,1028,0,0,0,0,0,1,1,0,0,0,-330.1122675,0,0,0,0,3,1,1,5,10,0,0,0,3,1,1,5,1000,0,0,0,0,0,0,0,0,0,0,0,0,0,0,0,0,0,0,0,0,0,0,0,0,0,0,0,0,0,0,0,0,0,0,0,0,0,0,0,0,0,0,0,0,0,0,0,0,0,0,0
1986,29,1,18,54.87,2,7,0,-1,0,0,1,1,25,0,0,0,1028,0,0,0,0,0,1,1,0,0,0,-330.3291577,0,0,0,0,3,1,1,5,10,0,0,0,3,1,1,5,1000,0,0,0,0,0,0,0,0,0,0,0,0,0,0,0,0,0,0,0,0,0,0,0,0,0,0,0,0,0,0,0,0,0,0,0,0,0,0,0,0,0,0,0,0,0,0,0,0,0,0,0
1986,29,1,20,30.87,2,7,0,-1,0,0,1,1,25,0,0,0,1028,0,0,0,0,0,1,1,0,0,0,-330.415914,0,0,0,0,3,1,1,5,10,0,0,0,3,1,1,5,1000,0,0,0,0,0,0,0,0,0,0,0,0,0,0,0,0,0,0,0,0,0,0,0,0,0,0,0,0,0,0,0,0,0,0,0,0,0,0,0,0,0,0,0,0,0,0,0,0,0,0,0
1986,29,1,22,6.87,2,7,0,-1,0,0,1,1,25,0,0,0,1028,0,0,0,0,0,1,1,0,0,0,-330.5026702,0,0,0,0,3,1,1,5,10,0,0,0,3,1,1,5,1000,0,0,0,0,0,0,0,0,0,0,0,0,0,0,0,0,0,0,0,0,0,0,0,0,0,0,0,0,0,0,0,0,0,0,0,0,0,0,0,0,0,0,0,0,0,0,0,0,0,0,0
1986,29,1,23,42.87,2,7,0,-1,0,0,1,1,25,0,0,0,1028,0,0,0,0,0,1,1,0,0,0,-330.5894263,0,0,0,0,3,1,1,5,10,0,0,0,3,1,1,5,1000,0,0,0,0,0,0,0,0,0,0,0,0,0,0,0,0,0,0,0,0,0,0,0,0,0,0,0,0,0,0,0,0,0,0,0,0,0,0,0,0,0,0,0,0,0,0,0,0,0,0,0
1986,29,1,25,18.87,2,7,0,-1,0,0,1,1,25,0,0,0,1028,0,0,0,0,0,1,1,0,0,0,-330.6761823,0,0,0,0,3,1,1,5,10,0,0,0,3,1,1,5,1000,0,0,0,0,0,0,0,0,0,0,0,0,0,0,0,0,0,0,0,0,0,0,0,0,0,0,0,0,0,0,0,0,0,0,0,0,0,0,0,0,0,0,0,0,0,0,0,0,0,0,0
1986,29,1,26,54.87,2,7,0,-1,0,0,1,1,25,0,0,0,1028,0,0,0,0,0,1,1,0,0,0,-330.7629381,0,0,0,0,3,1,1,5,10,0,0,0,3,1,1,5,1000,0,0,0,0,0,0,0,0,0,0,0,0,0,0,0,0,0,0,0,0,0,0,0,0,0,0,0,0,0,0,0,0,0,0,0,0,0,0,0,0,0,0,0,0,0,0,0,0,0,0,0
1986,29,1,30,54.87,2,7,0,-1,0,0,1,1,25,0,0,0,1028,0,0,0,0,0,1,1,0,0,0,-330.9798274,0,0,0,0,3,1,1,5,10,0,0,0,3,1,1,5,1000,0,0,0,0,0,0,0,0,0,0,0,0,0,0,0,0,0,0,0,0,0,0,0,0,0,0,0,0,0,0,0,0,0,0,0,0,0,0,0,0,0,0,0,0,0,0,0,0,0,0,0
1986,29,1,32,30.87,2,7,0,-1,0,0,1,1,25,0,0,0,1028,0,0,0,0,0,1,1,0,0,0,-331.066583,0,0,0,0,3,1,1,5,10,0,0,0,3,1,1,5,1000,0,0,0,0,0,0,0,0,0,0,0,0,0,0,0,0,0,0,0,0,0,0,0,0,0,0,0,0,0,0,0,0,0,0,0,0,0,0,0,0,0,0,0,0,0,0,0,0,0,0,0
1986,29,1,34,6.869,2,7,0,-1,0,0,1,1,25,0,0,0,1028,0,0,0,0,0,1,1,0,0,0,-331.1533375,0,0,0,0,3,1,1,5,10,0,0,0,3,1,1,5,1000,0,0,0,0,0,0,0,0,0,0,0,0,0,0,0,0,0,0,0,0,0,0,0,0,0,0,0,0,0,0,0,0,0,0,0,0,0,0,0,0,0,0,0,0,0,0,0,0,0,0,0
1986,29,1,35,42.869,2,7,0,-1,0,0,1,1,25,0,0,0,1028,0,0,0,0,0,1,1,0,0,0,-331.2400929,0,0,0,0,3,1,1,5,10,0,0,0,3,1,1,5,1000,0,0,0,0,0,0,0,0,0,0,0,0,0,0,0,0,0,0,0,0,0,0,0,0,0,0,0,0,0,0,0,0,0,0,0,0,0,0,0,0,0,0,0,0,0,0,0,0,0,0,0
1986,29,1,37,18.869,2,7,0,-1,0,0,1,1,25,0,0,0,1028,0,0,0,0,0,1,1,0,0,0,-331.3268481,0,0,0,0,3,1,1,5,10,0,0,0,3,1,1,5,1000,0,0,0,0,0,0,0,0,0,0,0,0,0,0,0,0,0,0,0,0,0,0,0,0,0,0,0,0,0,0,0,0,0,0,0,0,0,0,0,0,0,0,0,0,0,0,0,0,0,0,0
1986,29,1,38,54.869,2,7,0,-1,0,0,1,1,25,0,0,0,1028,0,0,0,0,0,1,1,0,0,0,-331.4136033,0,0,0,0,3,1,1,5,10,0,0,0,3,1,1,5,1000,0,0,0,0,0,0,0,0,0,0,0,0,0,0,0,0,0,0,0,0,0,0,0,0,0,0,0,0,0,0,0,0,0,0,0,0,0,0,0,0,0,0,0,0,0,0,0,0,0,0,0
1986,29,1,42,54.869,2,7,0,-1,0,0,1,1,25,0,0,0,1028,0,0,0,0,0,1,1,0,0,0,-331.6304907,0,0,0,0,3,1,1,5,10,0,0,0,3,1,1,5,1000,0,0,0,0,0,0,0,0,0,0,0,0,0,0,0,0,0,0,0,0,0,0,0,0,0,0,0,0,0,0,0,0,0,0,0,0,0,0,0,0,0,0,0,0,0,0,0,0,0,0,0
1986,29,1,44,30.869,2,7,0,-1,0,0,1,1,25,0,0,0,1028,0,0,0,0,0,1,1,0,0,0,-331.7172455,0,0,0,0,3,1,1,5,10,0,0,0,3,1,1,5,1000,0,0,0,0,0,0,0,0,0,0,0,0,0,0,0,0,0,0,0,0,0,0,0,0,0,0,0,0,0,0,0,0,0,0,0,0,0,0,0,0,0,0,0,0,0,0,0,0,0,0,0
1986,29,1,46,6.869,2,7,0,-1,0,0,1,1,25,0,0,0,1028,0,0,0,0,0,1,1,0,0,0,-331.8040002,0,0,0,0,3,1,1,5,10,0,0,0,3,1,1,5,1000,0,0,0,0,0,0,0,0,0,0,0,0,0,0,0,0,0,0,0,0,0,0,0,0,0,0,0,0,0,0,0,0,0,0,0,0,0,0,0,0,0,0,0,0,0,0,0,0,0,0,0
1986,29,1,47,42.868,2,7,0,-1,0,0,1,1,25,0,0,0,1028,0,0,0,0,0,1,1,0,0,0,-331.8907544,0,0,0,0,3,1,1,5,10,0,0,0,3,1,1,5,1000,0,0,0,0,0,0,0,0,0,0,0,0,0,0,0,0,0,0,0,0,0,0,0,0,0,0,0,0,0,0,0,0,0,0,0,0,0,0,0,0,0,0,0,0,0,0,0,0,0,0,0
1986,29,1,49,18.868,2,7,0,-1,0,0,1,1,25,0,0,0,1028,0,0,0,0,0,1,1,0,0,0,-331.9775085,0,0,0,0,3,1,1,5,10,0,0,0,3,1,1,5,1000,0,0,0,0,0,0,0,0,0,0,0,0,0,0,0,0,0,0,0,0,0,0,0,0,0,0,0,0,0,0,0,0,0,0,0,0,0,0,0,0,0,0,0,0,0,0,0,0,0,0,0
1986,29,1,50,54.868,2,7,0,-1,0,0,1,1,25,0,0,0,1028,0,0,0,0,0,1,1,0,0,0,-332.0642629,0,0,0,0,3,1,1,5,10,0,0,0,3,1,1,5,1000,0,0,0,0,0,0,0,0,0,0,0,0,0,0,0,0,0,0,0,0,0,0,0,0,0,0,0,0,0,0,0,0,0,0,0,0,0,0,0,0,0,0,0,0,0,0,0,0,0,0,0
1986,29,1,54,54.868,2,7,0,-1,0,0,1,1,25,0,0,0,1028,0,0,0,0,0,1,1,0,0,0,-332.2811485,0,0,0,0,3,1,1,5,10,0,0,0,3,1,1,5,1000,0,0,0,0,0,0,0,0,0,0,0,0,0,0,0,0,0,0,0,0,0,0,0,0,0,0,0,0,0,0,0,0,0,0,0,0,0,0,0,0,0,0,0,0,0,0,0,0,0,0,0
1986,29,1,56,30.868,2,7,0,-1,0,0,1,1,25,0,0,0,1028,0,0,0,0,0,1,1,0,0,0,-332.3679026,0,0,0,0,3,1,1,5,10,0,0,0,3,1,1,5,1000,0,0,0,0,0,0,0,0,0,0,0,0,0,0,0,0,0,0,0,0,0,0,0,0,0,0,0,0,0,0,0,0,0,0,0,0,0,0,0,0,0,0,0,0,0,0,0,0,0,0,0
1986,29,1,58,6.868,2,7,0,-1,0,0,1,1,25,0,0,0,1028,0,0,0,0,0,1,1,0,0,0,-332.4546565,0,0,0,0,3,1,1,5,10,0,0,0,3,1,1,5,1000,0,0,0,0,0,0,0,0,0,0,0,0,0,0,0,0,0,0,0,0,0,0,0,0,0,0,0,0,0,0,0,0,0,0,0,0,0,0,0,0,0,0,0,0,0,0,0,0,0,0,0
1986,29,1,59,42.868,2,7,0,-1,0,0,1,1,25,0,0,0,1028,0,0,0,0,0,1,1,0,0,0,-332.5414104,0,0,0,0,3,1,1,5,10,0,0,0,3,1,1,5,1000,0,0,0,0,0,0,0,0,0,0,0,0,0,0,0,0,0,0,0,0,0,0,0,0,0,0,0,0,0,0,0,0,0,0,0,0,0,0,0,0,0,0,0,0,0,0,0,0,0,0,0
1986,29,2,1,18.868,2,7,0,-1,0,0,1,1,25,0,0,0,1028,0,0,0,0,0,1,1,0,0,0,-332.6281642,0,0,0,0,3,1,1,5,10,0,0,0,3,1,1,5,1000,0,0,0,0,0,0,0,0,0,0,0,0,0,0,0,0,0,0,0,0,0,0,0,0,0,0,0,0,0,0,0,0,0,0,0,0,0,0,0,0,0,0,0,0,0,0,0,0,0,0,0
1986,29,2,2,54.867,2,7,0,-1,0,0,1,1,25,0,0,0,1028,0,0,0,0,0,1,1,0,0,0,-332.7149174,0,0,0,0,3,1,1,5,10,0,0,0,3,1,1,5,1000,0,0,0,0,0,0,0,0,0,0,0,0,0,0,0,0,0,0,0,0,0,0,0,0,0,0,0,0,0,0,0,0,0,0,0,0,0,0,0,0,0,0,0,0,0,0,0,0,0,0,0
1986,29,2,6,54.867,2,7,0,-1,0,0,1,1,25,0,0,0,1028,0,0,0,0,0,1,1,0,0,0,-332.9318008,0,0,0,0,3,1,1,5,10,0,0,0,3,1,1,5,1000,0,0,0,0,0,0,0,0,0,0,0,0,0,0,0,0,0,0,0,0,0,0,0,0,0,0,0,0,0,0,0,0,0,0,0,0,0,0,0,0,0,0,0,0,0,0,0,0,0,0,0
1986,29,2,8,30.867,2,7,0,-1,0,0,1,1,25,0,0,0,1028,0,0,0,0,0,1,1,0,0,0,-333.0185541,0,0,0,0,3,1,1,5,10,0,0,0,3,1,1,5,1000,0,0,0,0,0,0,0,0,0,0,0,0,0,0,0,0,0,0,0,0,0,0,0,0,0,0,0,0,0,0,0,0,0,0,0,0,0,0,0,0,0,0,0,0,0,0,0,0,0,0,0
1986,29,2,10,6.867,2,7,0,-1,0,0,1,1,25,0,0,0,1028,0,0,0,0,0,1,1,0,0,0,-333.1053074,0,0,0,0,3,1,1,5,10,0,0,0,3,1,1,5,1000,0,0,0,0,0,0,0,0,0,0,0,0,0,0,0,0,0,0,0,0,0,0,0,0,0,0,0,0,0,0,0,0,0,0,0,0,0,0,0,0,0,0,0,0,0,0,0,0,0,0,0
1986,29,2,11,42.867,2,7,0,-1,0,0,1,1,25,0,0,0,1028,0,0,0,0,0,1,1,0,0,0,-333.1920605,0,0,0,0,3,1,1,5,10,0,0,0,3,1,1,5,1000,0,0,0,0,0,0,0,0,0,0,0,0,0,0,0,0,0,0,0,0,0,0,0,0,0,0,0,0,0,0,0,0,0,0,0,0,0,0,0,0,0,0,0,0,0,0,0,0,0,0,0
1986,29,2,13,18.867,2,7,0,-1,0,0,1,1,25,0,0,0,1028,0,0,0,0,0,1,1,0,0,0,-333.2788136,0,0,0,0,3,1,1,5,10,0,0,0,3,1,1,5,1000,0,0,0,0,0,0,0,0,0,0,0,0,0,0,0,0,0,0,0,0,0,0,0,0,0,0,0,0,0,0,0,0,0,0,0,0,0,0,0,0,0,0,0,0,0,0,0,0,0,0,0
1986,29,2,14,54.867,2,7,0,-1,0,0,1,1,25,0,0,0,1028,0,0,0,0,0,1,1,0,0,0,-333.3655665,0,0,0,0,3,1,1,5,10,0,0,0,3,1,1,5,1000,0,0,0,0,0,0,0,0,0,0,0,0,0,0,0,0,0,0,0,0,0,0,0,0,0,0,0,0,0,0,0,0,0,0,0,0,0,0,0,0,0,0,0,0,0,0,0,0,0,0,0
1986,29,2,18,54.866,2,7,0,-1,0,0,1,1,25,0,0,0,1028,0,0,0,0,0,1,1,0,0,0,-333.5824476,0,0,0,0,3,1,1,5,10,0,0,0,3,1,1,5,1000,0,0,0,0,0,0,0,0,0,0,0,0,0,0,0,0,0,0,0,0,0,0,0,0,0,0,0,0,0,0,0,0,0,0,0,0,0,0,0,0,0,0,0,0,0,0,0,0,0,0,0
1986,29,2,20,30.866,2,7,0,-1,0,0,1,1,25,0,0,0,1028,0,0,0,0,0,1,1,0,0,0,-333.6692002,0,0,0,0,3,1,1,5,10,0,0,0,3,1,1,5,1000,0,0,0,0,0,0,0,0,0,0,0,0,0,0,0,0,0,0,0,0,0,0,0,0,0,0,0,0,0,0,0,0,0,0,0,0,0,0,0,0,0,0,0,0,0,0,0,0,0,0,0
1986,29,2,22,6.866,2,7,0,-1,0,0,1,1,25,0,0,0,1028,0,0,0,0,0,1,1,0,0,0,-333.7559528,0,0,0,0,3,1,1,5,10,0,0,0,3,1,1,5,1000,0,0,0,0,0,0,0,0,0,0,0,0,0,0,0,0,0,0,0,0,0,0,0,0,0,0,0,0,0,0,0,0,0,0,0,0,0,0,0,0,0,0,0,0,0,0,0,0,0,0,0
1986,29,2,23,42.866,2,7,0,-1,0,0,1,1,25,0,0,0,1028,0,0,0,0,0,1,1,0,0,0,-333.8427052,0,0,0,0,3,1,1,5,10,0,0,0,3,1,1,5,1000,0,0,0,0,0,0,0,0,0,0,0,0,0,0,0,0,0,0,0,0,0,0,0,0,0,0,0,0,0,0,0,0,0,0,0,0,0,0,0,0,0,0,0,0,0,0,0,0,0,0,0
1986,29,2,25,18.866,2,7,0,-1,0,0,1,1,25,0,0,0,1028,0,0,0,0,0,1,1,0,0,0,-333.9294575,0,0,0,0,3,1,1,5,10,0,0,0,3,1,1,5,1000,0,0,0,0,0,0,0,0,0,0,0,0,0,0,0,0,0,0,0,0,0,0,0,0,0,0,0,0,0,0,0,0,0,0,0,0,0,0,0,0,0,0,0,0,0,0,0,0,0,0,0
1986,29,2,26,54.866,2,7,0,-1,0,0,1,1,25,0,0,0,1028,0,0,0,0,0,1,1,0,0,0,-334.0162098,0,0,0,0,3,1,1,5,10,0,0,0,3,1,1,5,1000,0,0,0,0,0,0,0,0,0,0,0,0,0,0,0,0,0,0,0,0,0,0,0,0,0,0,0,0,0,0,0,0,0,0,0,0,0,0,0,0,0,0,0,0,0,0,0,0,0,0,0
1986,29,2,30,54.866,2,7,0,-1,0,0,1,1,25,0,0,0,1028,0,0,0,0,0,1,1,0,0,0,-334.2330899,0,0,0,0,3,1,1,5,10,0,0,0,3,1,1,5,1000,0,0,0,0,0,0,0,0,0,0,0,0,0,0,0,0,0,0,0,0,0,0,0,0,0,0,0,0,0,0,0,0,0,0,0,0,0,0,0,0,0,0,0,0,0,0,0,0,0,0,0
1986,29,2,32,30.866,2,7,0,-1,0,0,1,1,25,0,0,0,1028,0,0,0,0,0,1,1,0,0,0,-334.3198418,0,0,0,0,3,1,1,5,10,0,0,0,3,1,1,5,1000,0,0,0,0,0,0,0,0,0,0,0,0,0,0,0,0,0,0,0,0,0,0,0,0,0,0,0,0,0,0,0,0,0,0,0,0,0,0,0,0,0,0,0,0,0,0,0,0,0,0,0
1986,29,2,34,6.865,2,7,0,-1,0,0,1,1,25,0,0,0,1028,0,0,0,0,0,1,1,0,0,0,-334.4065927,0,0,0,0,3,1,1,5,10,0,0,0,3,1,1,5,1000,0,0,0,0,0,0,0,0,0,0,0,0,0,0,0,0,0,0,0,0,0,0,0,0,0,0,0,0,0,0,0,0,0,0,0,0,0,0,0,0,0,0,0,0,0,0,0,0,0,0,0
1986,29,2,56,30.864,2,7,0,-1,0,0,1,1,25,0,0,0,1028,0,0,0,0,0,1,1,0,0,0,-335.621107,0,0,0,0,3,1,1,5,10,0,0,0,3,1,1,5,1000,0,0,0,0,0,0,0,0,0,0,0,0,0,0,0,0,0,0,0,0,0,0,0,0,0,0,0,0,0,0,0,0,0,0,0,0,0,0,0,0,0,0,0,0,0,0,0,0,0,0,0
1986,29,2,58,6.864,2,7,0,-1,0,0,1,1,25,0,0,0,1028,0,0,0,0,0,1,1,0,0,0,-335.7078573,0,0,0,0,3,1,1,5,10,0,0,0,3,1,1,5,1000,0,0,0,0,0,0,0,0,0,0,0,0,0,0,0,0,0,0,0,0,0,0,0,0,0,0,0,0,0,0,0,0,0,0,0,0,0,0,0,0,0,0,0,0,0,0,0,0,0,0,0
1986,29,2,59,42.864,2,7,0,-1,0,0,1,1,25,0,0,0,1028,0,0,0,0,0,1,1,0,0,0,-335.7946076,0,0,0,0,3,1,1,5,10,0,0,0,3,1,1,5,1000,0,0,0,0,0,0,0,0,0,0,0,0,0,0,0,0,0,0,0,0,0,0,0,0,0,0,0,0,0,0,0,0,0,0,0,0,0,0,0,0,0,0,0,0,0,0,0,0,0,0,0
1986,29,3,1,18.864,2,7,0,-1,0,0,1,1,25,0,0,0,1028,0,0,0,0,0,1,1,0,0,0,-335.8813578,0,0,0,0,3,1,1,5,10,0,0,0,3,1,1,5,1000,0,0,0,0,0,0,0,0,0,0,0,0,0,0,0,0,0,0,0,0,0,0,0,0,0,0,0,0,0,0,0,0,0,0,0,0,0,0,0,0,0,0,0,0,0,0,0,0,0,0,0
1986,29,3,2,54.864,2,7,0,-1,0,0,1,1,25,0,0,0,1028,0,0,0,0,0,1,1,0,0,0,-335.9681078,0,0,0,0,3,1,1,5,10,0,0,0,3,1,1,5,1000,0,0,0,0,0,0,0,0,0,0,0,0,0,0,0,0,0,0,0,0,0,0,0,0,0,0,0,0,0,0,0,0,0,0,0,0,0,0,0,0,0,0,0,0,0,0,0,0,0,0,0
1986,29,3,6,54.863,2,7,0,-1,0,0,1,1,25,0,0,0,1028,0,0,0,0,0,1,1,0,0,0,-336.1849817,0,0,0,0,3,1,1,5,10,0,0,0,3,1,1,5,1000,0,0,0,0,0,0,0,0,0,0,0,0,0,0,0,0,0,0,0,0,0,0,0,0,0,0,0,0,0,0,0,0,0,0,0,0,0,0,0,0,0,0,0,0,0,0,0,0,0,0,0
1986,29,3,8,30.863,2,7,0,-1,0,0,1,1,25,0,0,0,1028,0,0,0,0,0,1,1,0,0,0,-336.2717315,0,0,0,0,3,1,1,5,10,0,0,0,3,1,1,5,1000,0,0,0,0,0,0,0,0,0,0,0,0,0,0,0,0,0,0,0,0,0,0,0,0,0,0,0,0,0,0,0,0,0,0,0,0,0,0,0,0,0,0,0,0,0,0,0,0,0,0,0
1986,29,3,20,30.862,2,7,0,-1,0,0,1,1,25,0,0,0,1028,0,0,0,0,0,1,1,0,0,0,-336.9223506,0,0,0,0,3,1,1,5,10,0,0,0,3,1,1,5,1000,0,0,0,0,0,0,0,0,0,0,0,0,0,0,0,0,0,0,0,0,0,0,0,0,0,0,0,0,0,0,0,0,0,0,0,0,0,0,0,0,0,0,0,0,0,0,0,0,0,0,0
1986,29,4,35,42.857,2,7,0,-1,0,0,1,1,25,0,0,0,1028,0,0,0,0,0,1,1,0,0,0,-340.9994448,0,0,0,0,3,1,1,5,10,0,0,0,3,1,1,5,1000,0,0,0,0,0,0,0,0,0,0,0,0,0,0,0,0,0,0,0,0,0,0,0,0,0,0,0,0,0,0,0,0,0,0,0,0,0,0,0,0,0,0,0,0,0,0,0,0,0,0,0
1986,29,4,37,18.857,2,7,0,-1,0,0,1,1,25,0,0,0,1028,0,0,0,0,0,1,1,0,0,0,-341.0861894,0,0,0,0,3,1,1,5,10,0,0,0,3,1,1,5,1000,0,0,0,0,0,0,0,0,0,0,0,0,0,0,0,0,0,0,0,0,0,0,0,0,0,0,0,0,0,0,0,0,0,0,0,0,0,0,0,0,0,0,0,0,0,0,0,0,0,0,0
1986,29,4,38,54.857,2,7,0,-1,0,0,1,1,25,0,0,0,1028,0,0,0,0,0,1,1,0,0,0,-341.1729338,0,0,0,0,3,1,1,5,10,0,0,0,3,1,1,5,1000,0,0,0,0,0,0,0,0,0,0,0,0,0,0,0,0,0,0,0,0,0,0,0,0,0,0,0,0,0,0,0,0,0,0,0,0,0,0,0,0,0,0,0,0,0,0,0,0,0,0,0
1986,29,4,42,54.857,2,7,0,-1,0,0,1,1,25,0,0,0,1028,0,0,0,0,0,1,1,0,0,0,-341.3897946,0,0,0,0,3,1,1,5,10,0,0,0,3,1,1,5,1000,0,0,0,0,0,0,0,0,0,0,0,0,0,0,0,0,0,0,0,0,0,0,0,0,0,0,0,0,0,0,0,0,0,0,0,0,0,0,0,0,0,0,0,0,0,0,0,0,0,0,0
1986,29,4,44,30.857,2,7,0,-1,0,0,1,1,25,0,0,0,1028,0,0,0,0,0,1,1,0,0,0,-341.4765387,0,0,0,0,3,1,1,5,10,0,0,0,3,1,1,5,1000,0,0,0,0,0,0,0,0,0,0,0,0,0,0,0,0,0,0,0,0,0,0,0,0,0,0,0,0,0,0,0,0,0,0,0,0,0,0,0,0,0,0,0,0,0,0,0,0,0,0,0
1986,29,4,46,6.857,2,7,0,-1,0,0,1,1,25,0,0,0,1028,0,0,0,0,0,1,1,0,0,0,-341.5632827,0,0,0,0,3,1,1,5,10,0,0,0,3,1,1,5,1000,0,0,0,0,0,0,0,0,0,0,0,0,0,0,0,0,0,0,0,0,0,0,0,0,0,0,0,0,0,0,0,0,0,0,0,0,0,0,0,0,0,0,0,0,0,0,0,0,0,0,0
1986,29,4,47,42.857,2,7,0,-1,0,0,1,1,25,0,0,0,1028,0,0,0,0,0,1,1,0,0,0,-341.6500267,0,0,0,0,3,1,1,5,10,0,0,0,3,1,1,5,1000,0,0,0,0,0,0,0,0,0,0,0,0,0,0,0,0,0,0,0,0,0,0,0,0,0,0,0,0,0,0,0,0,0,0,0,0,0,0,0,0,0,0,0,0,0,0,0,0,0,0,0
1986,29,4,49,18.856,2,7,0,-1,0,0,1,1,25,0,0,0,1028,0,0,0,0,0,1,1,0,0,0,-341.7367701,0,0,0,0,3,1,1,5,10,0,0,0,3,1,1,5,1000,0,0,0,0,0,0,0,0,0,0,0,0,0,0,0,0,0,0,0,0,0,0,0,0,0,0,0,0,0,0,0,0,0,0,0,0,0,0,0,0,0,0,0,0,0,0,0,0,0,0,0
1986,29,4,50,54.856,2,7,0,-1,0,0,1,1,25,0,0,0,1028,0,0,0,0,0,1,1,0,0,0,-341.8235134,0,0,0,0,3,1,1,5,10,0,0,0,3,1,1,5,1000,0,0,0,0,0,0,0,0,0,0,0,0,0,0,0,0,0,0,0,0,0,0,0,0,0,0,0,0,0,0,0,0,0,0,0,0,0,0,0,0,0,0,0,0,0,0,0,0,0,0,0
1986,29,4,54,54.856,2,7,0,-1,0,0,1,1,25,0,0,0,1028,0,0,0,0,0,1,1,0,0,0,-342.0403724,0,0,0,0,3,1,1,5,10,0,0,0,3,1,1,5,1000,0,0,0,0,0,0,0,0,0,0,0,0,0,0,0,0,0,0,0,0,0,0,0,0,0,0,0,0,0,0,0,0,0,0,0,0,0,0,0,0,0,0,0,0,0,0,0,0,0,0,0
1986,29,4,56,30.856,2,7,0,-1,0,0,1,1,25,0,0,0,1028,0,0,0,0,0,1,1,0,0,0,-342.1271158,0,0,0,0,3,1,1,5,10,0,0,0,3,1,1,5,1000,0,0,0,0,0,0,0,0,0,0,0,0,0,0,0,0,0,0,0,0,0,0,0,0,0,0,0,0,0,0,0,0,0,0,0,0,0,0,0,0,0,0,0,0,0,0,0,0,0,0,0
1986,29,4,58,6.856,2,7,0,-1,0,0,1,1,25,0,0,0,1028,0,0,0,0,0,1,1,0,0,0,-342.2138592,0,0,0,0,3,1,1,5,10,0,0,0,3,1,1,5,1000,0,0,0,0,0,0,0,0,0,0,0,0,0,0,0,0,0,0,0,0,0,0,0,0,0,0,0,0,0,0,0,0,0,0,0,0,0,0,0,0,0,0,0,0,0,0,0,0,0,0,0
1986,29,4,59,42.856,2,7,0,-1,0,0,1,1,25,0,0,0,1028,0,0,0,0,0,1,1,0,0,0,-342.3006024,0,0,0,0,3,1,1,5,10,0,0,0,3,1,1,5,1000,0,0,0,0,0,0,0,0,0,0,0,0,0,0,0,0,0,0,0,0,0,0,0,0,0,0,0,0,0,0,0,0,0,0,0,0,0,0,0,0,0,0,0,0,0,0,0,0,0,0,0
1986,29,5,1,18.856,2,7,0,-1,0,0,1,1,25,0,0,0,1028,0,0,0,0,0,1,1,0,0,0,-342.3873456,0,0,0,0,3,1,1,5,10,0,0,0,3,1,1,5,1000,0,0,0,0,0,0,0,0,0,0,0,0,0,0,0,0,0,0,0,0,0,0,0,0,0,0,0,0,0,0,0,0,0,0,0,0,0,0,0,0,0,0,0,0,0,0,0,0,0,0,0
1986,29,5,2,54.856,2,7,0,-1,0,0,1,1,25,0,0,0,1028,0,0,0,0,0,1,1,0,0,0,-342.4740887,0,0,0,0,3,1,1,5,10,0,0,0,3,1,1,5,1000,0,0,0,0,0,0,0,0,0,0,0,0,0,0,0,0,0,0,0,0,0,0,0,0,0,0,0,0,0,0,0,0,0,0,0,0,0,0,0,0,0,0,0,0,0,0,0,0,0,0,0
1986,29,5,6,54.855,2,7,0,-1,0,0,1,1,25,0,0,0,1028,0,0,0,0,0,1,1,0,0,0,-342.6909451,0,0,0,0,3,1,1,5,10,0,0,0,3,1,1,5,1000,0,0,0,0,0,0,0,0,0,0,0,0,0,0,0,0,0,0,0,0,0,0,0,0,0,0,0,0,0,0,0,0,0,0,0,0,0,0,0,0,0,0,0,0,0,0,0,0,0,0,0
1986,29,5,8,30.855,2,7,0,-1,0,0,1,1,25,0,0,0,1028,0,0,0,0,0,1,1,0,0,0,-342.7776878,0,0,0,0,3,1,1,5,10,0,0,0,3,1,1,5,1000,0,0,0,0,0,0,0,0,0,0,0,0,0,0,0,0,0,0,0,0,0,0,0,0,0,0,0,0,0,0,0,0,0,0,0,0,0,0,0,0,0,0,0,0,0,0,0,0,0,0,0
1986,29,5,10,6.855,2,7,0,-1,0,0,1,1,25,0,0,0,1028,0,0,0,0,0,1,1,0,0,0,-342.8644305,0,0,0,0,3,1,1,5,10,0,0,0,3,1,1,5,1000,0,0,0,0,0,0,0,0,0,0,0,0,0,0,0,0,0,0,0,0,0,0,0,0,0,0,0,0,0,0,0,0,0,0,0,0,0,0,0,0,0,0,0,0,0,0,0,0,0,0,0
1986,29,5,11,42.855,2,7,0,-1,0,0,1,1,25,0,0,0,1028,0,0,0,0,0,1,1,0,0,0,-342.9511731,0,0,0,0,3,1,1,5,10,0,0,0,3,1,1,5,1000,0,0,0,0,0,0,0,0,0,0,0,0,0,0,0,0,0,0,0,0,0,0,0,0,0,0,0,0,0,0,0,0,0,0,0,0,0,0,0,0,0,0,0,0,0,0,0,0,0,0,0
1986,29,5,13,18.855,2,7,0,-1,0,0,1,1,25,0,0,0,1028,0,0,0,0,0,1,1,0,0,0,-343.0379156,0,0,0,0,3,1,1,5,10,0,0,0,3,1,1,5,1000,0,0,0,0,0,0,0,0,0,0,0,0,0,0,0,0,0,0,0,0,0,0,0,0,0,0,0,0,0,0,0,0,0,0,0,0,0,0,0,0,0,0,0,0,0,0,0,0,0,0,0
1986,29,5,14,54.855,2,7,0,-1,0,0,1,1,25,0,0,0,1028,0,0,0,0,0,1,1,0,0,0,-343.1246579,0,0,0,0,3,1,1,5,10,0,0,0,3,1,1,5,1000,0,0,0,0,0,0,0,0,0,0,0,0,0,0,0,0,0,0,0,0,0,0,0,0,0,0,0,0,0,0,0,0,0,0,0,0,0,0,0,0,0,0,0,0,0,0,0,0,0,0,0
1986,29,5,18,54.855,2,7,0,-1,0,0,1,1,25,0,0,0,1028,0,0,0,0,0,1,1,0,0,0,-343.3415135,0,0,0,0,3,1,1,5,10,0,0,0,3,1,1,5,1000,0,0,0,0,0,0,0,0,0,0,0,0,0,0,0,0,0,0,0,0,0,0,0,0,0,0,0,0,0,0,0,0,0,0,0,0,0,0,0,0,0,0,0,0,0,0,0,0,0,0,0
1986,29,5,20,30.854,2,7,0,-1,0,0,1,1,25,0,0,0,1028,0,0,0,0,0,1,1,0,0,0,-343.4282547,0,0,0,0,3,1,1,5,10,0,0,0,3,1,1,5,1000,0,0,0,0,0,0,0,0,0,0,0,0,0,0,0,0,0,0,0,0,0,0,0,0,0,0,0,0,0,0,0,0,0,0,0,0,0,0,0,0,0,0,0,0,0,0,0,0,0,0,0
1986,29,5,22,6.854,2,7,0,-1,0,0,1,1,25,0,0,0,1028,0,0,0,0,0,1,1,0,0,0,-343.5149967,0,0,0,0,3,1,1,5,10,0,0,0,3,1,1,5,1000,0,0,0,0,0,0,0,0,0,0,0,0,0,0,0,0,0,0,0,0,0,0,0,0,0,0,0,0,0,0,0,0,0,0,0,0,0,0,0,0,0,0,0,0,0,0,0,0,0,0,0
1986,29,5,23,42.854,2,7,0,-1,0,0,1,1,25,0,0,0,1028,0,0,0,0,0,1,1,0,0,0,-343.6017386,0,0,0,0,3,1,1,5,10,0,0,0,3,1,1,5,1000,0,0,0,0,0,0,0,0,0,0,0,0,0,0,0,0,0,0,0,0,0,0,0,0,0,0,0,0,0,0,0,0,0,0,0,0,0,0,0,0,0,0,0,0,0,0,0,0,0,0,0
1986,29,5,25,18.854,2,7,0,-1,0,0,1,1,25,0,0,0,1028,0,0,0,0,0,1,1,0,0,0,-343.6884804,0,0,0,0,3,1,1,5,10,0,0,0,3,1,1,5,1000,0,0,0,0,0,0,0,0,0,0,0,0,0,0,0,0,0,0,0,0,0,0,0,0,0,0,0,0,0,0,0,0,0,0,0,0,0,0,0,0,0,0,0,0,0,0,0,0,0,0,0
1986,29,5,26,54.854,2,7,0,-1,0,0,1,1,25,0,0,0,1028,0,0,0,0,0,1,1,0,0,0,-343.7752221,0,0,0,0,3,1,1,5,10,0,0,0,3,1,1,5,1000,0,0,0,0,0,0,0,0,0,0,0,0,0,0,0,0,0,0,0,0,0,0,0,0,0,0,0,0,0,0,0,0,0,0,0,0,0,0,0,0,0,0,0,0,0,0,0,0,0,0,0
1986,29,5,30,54.854,2,7,0,-1,0,0,1,1,25,0,0,0,1028,0,0,0,0,0,1,1,0,0,0,-343.9920759,0,0,0,0,3,1,1,5,10,0,0,0,3,1,1,5,1000,0,0,0,0,0,0,0,0,0,0,0,0,0,0,0,0,0,0,0,0,0,0,0,0,0,0,0,0,0,0,0,0,0,0,0,0,0,0,0,0,0,0,0,0,0,0,0,0,0,0,0
1986,29,5,32,30.854,2,7,0,-1,0,0,1,1,25,0,0,0,1028,0,0,0,0,0,1,1,0,0,0,-344.0788173,0,0,0,0,3,1,1,5,10,0,0,0,3,1,1,5,1000,0,0,0,0,0,0,0,0,0,0,0,0,0,0,0,0,0,0,0,0,0,0,0,0,0,0,0,0,0,0,0,0,0,0,0,0,0,0,0,0,0,0,0,0,0,0,0,0,0,0,0
1986,29,5,34,6.853,2,7,0,-1,0,0,1,1,25,0,0,0,1028,0,0,0,0,0,1,1,0,0,0,-344.1655582,0,0,0,0,3,1,1,5,10,0,0,0,3,1,1,5,1000,0,0,0,0,0,0,0,0,0,0,0,0,0,0,0,0,0,0,0,0,0,0,0,0,0,0,0,0,0,0,0,0,0,0,0,0,0,0,0,0,0,0,0,0,0,0,0,0,0,0,0
1986,29,5,35,42.853,2,7,0,-1,0,0,1,1,25,0,0,0,1028,0,0,0,0,0,1,1,0,0,0,-344.2522989,0,0,0,0,3,1,1,5,10,0,0,0,3,1,1,5,1000,0,0,0,0,0,0,0,0,0,0,0,0,0,0,0,0,0,0,0,0,0,0,0,0,0,0,0,0,0,0,0,0,0,0,0,0,0,0,0,0,0,0,0,0,0,0,0,0,0,0,0
1986,29,5,37,18.853,2,7,0,-1,0,0,1,1,25,0,0,0,1028,0,0,0,0,0,1,1,0,0,0,-344.3390401,0,0,0,0,3,1,1,5,10,0,0,0,3,1,1,5,1000,0,0,0,0,0,0,0,0,0,0,0,0,0,0,0,0,0,0,0,0,0,0,0,0,0,0,0,0,0,0,0,0,0,0,0,0,0,0,0,0,0,0,0,0,0,0,0,0,0,0,0
1986,29,5,38,54.853,2,7,0,-1,0,0,1,1,25,0,0,0,1028,0,0,0,0,0,1,1,0,0,0,-344.4257811,0,0,0,0,3,1,1,5,10,0,0,0,3,1,1,5,1000,0,0,0,0,0,0,0,0,0,0,0,0,0,0,0,0,0,0,0,0,0,0,0,0,0,0,0,0,0,0,0,0,0,0,0,0,0,0,0,0,0,0,0,0,0,0,0,0,0,0,0
1986,29,5,42,54.853,2,7,0,-1,0,0,1,1,25,0,0,0,1028,0,0,0,0,0,1,1,0,0,0,-344.6426333,0,0,0,0,3,1,1,5,10,0,0,0,3,1,1,5,1000,0,0,0,0,0,0,0,0,0,0,0,0,0,0,0,0,0,0,0,0,0,0,0,0,0,0,0,0,0,0,0,0,0,0,0,0,0,0,0,0,0,0,0,0,0,0,0,0,0,0,0
1986,29,5,44,30.853,2,7,0,-1,0,0,1,1,25,0,0,0,1028,0,0,0,0,0,1,1,0,0,0,-344.729374,0,0,0,0,3,1,1,5,10,0,0,0,3,1,1,5,1000,0,0,0,0,0,0,0,0,0,0,0,0,0,0,0,0,0,0,0,0,0,0,0,0,0,0,0,0,0,0,0,0,0,0,0,0,0,0,0,0,0,0,0,0,0,0,0,0,0,0,0
1986,29,5,46,6.853,2,7,0,-1,0,0,1,1,25,0,0,0,1028,0,0,0,0,0,1,1,0,0,0,-344.8161146,0,0,0,0,3,1,1,5,10,0,0,0,3,1,1,5,1000,0,0,0,0,0,0,0,0,0,0,0,0,0,0,0,0,0,0,0,0,0,0,0,0,0,0,0,0,0,0,0,0,0,0,0,0,0,0,0,0,0,0,0,0,0,0,0,0,0,0,0
1986,29,5,47,42.853,2,7,0,-1,0,0,1,1,25,0,0,0,1028,0,0,0,0,0,1,1,0,0,0,-344.9028551,0,0,0,0,3,1,1,5,10,0,0,0,3,1,1,5,1000,0,0,0,0,0,0,0,0,0,0,0,0,0,0,0,0,0,0,0,0,0,0,0,0,0,0,0,0,0,0,0,0,0,0,0,0,0,0,0,0,0,0,0,0,0,0,0,0,0,0,0
1986,29,5,49,18.852,2,7,0,-1,0,0,1,1,25,0,0,0,1028,0,0,0,0,0,1,1,0,0,0,-344.9895951,0,0,0,0,3,1,1,5,10,0,0,0,3,1,1,5,1000,0,0,0,0,0,0,0,0,0,0,0,0,0,0,0,0,0,0,0,0,0,0,0,0,0,0,0,0,0,0,0,0,0,0,0,0,0,0,0,0,0,0,0,0,0,0,0,0,0,0,0
1986,29,5,50,54.852,2,7,0,-1,0,0,1,1,25,0,0,0,1028,0,0,0,0,0,1,1,0,0,0,-345.076335,0,0,0,0,3,1,1,5,10,0,0,0,3,1,1,5,1000,0,0,0,0,0,0,0,0,0,0,0,0,0,0,0,0,0,0,0,0,0,0,0,0,0,0,0,0,0,0,0,0,0,0,0,0,0,0,0,0,0,0,0,0,0,0,0,0,0,0,0
1986,29,5,54,54.852,2,7,0,-1,0,0,1,1,25,0,0,0,1028,0,0,0,0,0,1,1,0,0,0,-345.2931855,0,0,0,0,3,1,1,5,10,0,0,0,3,1,1,5,1000,0,0,0,0,0,0,0,0,0,0,0,0,0,0,0,0,0,0,0,0,0,0,0,0,0,0,0,0,0,0,0,0,0,0,0,0,0,0,0,0,0,0,0,0,0,0,0,0,0,0,0
1986,29,5,56,30.852,2,7,0,-1,0,0,1,1,25,0,0,0,1028,0,0,0,0,0,1,1,0,0,0,-345.3799255,0,0,0,0,3,1,1,5,10,0,0,0,3,1,1,5,1000,0,0,0,0,0,0,0,0,0,0,0,0,0,0,0,0,0,0,0,0,0,0,0,0,0,0,0,0,0,0,0,0,0,0,0,0,0,0,0,0,0,0,0,0,0,0,0,0,0,0,0
1986,29,5,58,6.852,2,7,0,-1,0,0,1,1,25,0,0,0,1028,0,0,0,0,0,1,1,0,0,0,-345.4666655,0,0,0,0,3,1,1,5,10,0,0,0,3,1,1,5,1000,0,0,0,0,0,0,0,0,0,0,0,0,0,0,0,0,0,0,0,0,0,0,0,0,0,0,0,0,0,0,0,0,0,0,0,0,0,0,0,0,0,0,0,0,0,0,0,0,0,0,0
1986,29,5,59,42.852,2,7,0,-1,0,0,1,1,25,0,0,0,1028,0,0,0,0,0,1,1,0,0,0,-345.5534054,0,0,0,0,3,1,1,5,10,0,0,0,3,1,1,5,1000,0,0,0,0,0,0,0,0,0,0,0,0,0,0,0,0,0,0,0,0,0,0,0,0,0,0,0,0,0,0,0,0,0,0,0,0,0,0,0,0,0,0,0,0,0,0,0,0,0,0,0
